YEAR,Month,Route Date
1881,April,"22 Harrisburg,Pa."
1881,April,"23 Lancaster,Pa."
1881,May,"2 Scranton,Pa."
1881,May,"4 Reading,Pa."
1881,May,"5 Newark,N.J."
1881,May,"6 Paterson,N.J."
1881,May,"7 Jersey City,N.J."
1881,May,"16 Bridgeport,Conn."
1881,May,"17 Waterbury,Conn."
1881,May,"18 New Haven,Conn."
1881,May,"19 Meriden,Conn."
1881,May,"20 Hartford,Conn."
1881,May,"21 Holyoke,Mass."
1881,May,"23 Springfield,Mass."
1881,May,"24 Norwich,Conn."
1881,May,"25 Worcester,Mass."
1881,May,"26 Woonsocket,R.I."
1881,May,"27 Providence,R.I."
1881,May,"28 Fall River,Mass."
1881,May,"30 New Bedford,Mass."
1881,May,"31 Brockton,Mass."
1881,June,"1 Lowell,Mass."
1881,June,"2 Lawrence,Mass."
1881,June,"3 Salem,Mass."
1881,June,"4 Lynn,Mass."
1881,June,"13 Bangor,Me."
1881,June,"14 Augusta,Me."
1881,June,"15 Bath,Me."
1881,June,"16 Lewiston,Me."
1881,June,"17 Portland,Me."
1881,June,"18 Dover,N.H."
1881,June,"20 Haverhill,Mass."
1881,June,"21 Manchester,N.H."
1881,June,"22 Concord,N.H."
1881,June,"23 Nashua,N.H."
1881,June,"24 Fitchburg,Mass."
1881,June,"25 Greenfield,Mass."
1881,June,"27 Pittsfield,Mass."
1881,June,"28 Albany,N.Y."
1881,June,"29 Poughkeepsie,N.Y."
1881,June,"30 Troy,N.Y."
1881,July,"1 Saratoga Springs,N.Y."
1881,July,"2 Utica,N.Y."
1881,July,"4 Watertown,N.Y."
1881,July,"5 Syracuse,N.Y."
1881,July,"6 Auburn,N.Y."
1881,July,"7 Rochester,N.Y."
1881,July,8 Lockport.N.Y.
1881,July,"9 Buffalo,N.Y."
1881,July,"11 Detroit,Mich."
1881,July,"12 Ann Arbor,Mich."
1881,July,"13 Lansing,Mich."
1881,July,"14 Bay City,Mich."
1881,July,"15 East Saginaw,Mich."
1881,July,"16 Jackson,Mich."
1881,July,"18 Grand Rapids,Mich."
1881,July,"19 Muskegon,Mich."
1881,July,"20 Allegan,Mich."
1881,July,"21 Kalamazoo,Mich."
1881,July,"22 Battle Creek,Mich."
1881,July,"23 South Bend,Ind."
1881,July,"25 Kankakee,Ill."
1881,July,"26 Champaign,Ill."
1881,July,"27 Danville,Ill."
1881,July,"28 Terre Haute,Ind."
1881,July,"29 Vincennes,Ind."
1881,July,"30 Evansville,Ind."
1881,August,"1 Indianapolis,Ind."
1881,August,"2 Crawfordsville,Ind."
1881,August,"3 Lafayette,Ind."
1881,August,"4 Logansport,Ind."
1881,August,"5 Peru,Ind."
1881,August,"6 Ft.Wayne,Ind."
1881,August,"8 Toledo,O."
1881,August,"9 Norwalk,O."
1881,August,"10 Cleveland,O."
1881,August,"11 Youngstown,O."
1881,August,"12 Akron,O."
1881,August,"13 Canton,O."
1881,August,"17 Wheeling,W.Va."
1881,August,"18 Zanesville,O."
1881,August,"19 Columbus,O."
1881,August,"20 Chillicothe,O."
1881,August,"25 Dayton,O."
1881,August,"26 Springfield,O."
1881,August,"27 Richmond,Ind."
1881,September,"5 Aurora,Ill."
1881,September,"6 Ottawa,Ill."
1881,September,"7 Joliet,Ill."
1881,September,"8 Bloomington,Ill."
1881,September,"9 Springfield,Ill.,cancelled"
1881,September,"10 Decatur,Ill."
1881,September,"12 Peoria,Ill."
1881,September,"13 Galesburg,Ill."
1881,September,"14 Burlington,Ia."
1881,September,"15 Quincy,Ill."
1881,September,"16 Jacksonville,Ill."
1881,September,"17 Jerseyville,Ill."
1881,September,"26 Davenport,Ia."
1881,September,"27 Iowa City,Ia."
1881,September,"28 Rock Island,Ill."
1881,September,"29 Clinton,Ia."
1881,September,"30 Cedar Rapids,Ia."
1881,October,"1 Marshalltown,Ia.,cancelled"
1881,October,"3 Oskaloosa,Ia."
1881,October,"4 Des Moines,Ia."
1881,October,"5 Atlantic,Ia."
1881,October,"6 Council Bluffs,Ia."
1881,October,"7 Omaha,Neb."
1881,October,"8 Lincoln,Neb."
1881,October,"10 St.Joseph,Mo."
1881,October,"11 Atchison,Kan."
1881,October,"12 Topeka,Kan."
1881,October,"13 Lawrence,Kan."
1881,October,"14 Kansas City,Mo."
1881,October,"15 Ft.Scott,Kan."
1881,October,"17 Gainesville,Tex."
1881,October,"18 Greenville,Tex."
1881,October,"19 Mineola,Tex."
1881,October,"20 Denison,Tex."
1881,October,"21 Sherman,Tex."
1881,October,"22 Dallas,Tex."
1881,October,"24 Galveston,Tex."
1881,October,"25 Houston,Tex."
1881,October,"26 Navasota,Tex."
1881,October,"27 Bryan,Tex."
1881,October,"28 Brenham,Tex."
1881,October,"29 Austin,Tex.,cancelled"
1881,October,"31 Waco,Tex."
1881,November,"1 Marlin,Tex."
1881,November,"2 Calvert,Tex."
1881,November,"3 Corsicana,Tex."
1881,November,"4 Waxahachie,Tex."
1881,November,"5 McKinney,Tex."
1881,November,"7 Bonham,Tex."
1881,November,"8 Paris,Tex."
1881,November,"9 Texarkana,Ark."
1881,November,"10 Hope,Ark."
1881,November,"11 Little Rock,Ark."
1881,November,"12 Newport,Ark."
1881,November,"End of season,winter quarters Bridgeport,Conn."
1882,May,"6 York,Pa."
1882,May,"8 Pottsville,Pa."
1882,May,"9 Reading,Pa."
1882,May,"10 Allentown,Pa."
1882,May,"11 Easton,Pa.,cancelled"
1882,May,"13 Scranton,Pa."
1882,May,"15 Camden,N.J."
1882,May,"16 Trenton,N.J."
1882,May,"17 Newark,N.J."
1882,May,"18 Newburgh,N.Y."
1882,May,"19 Paterson,N.J."
1882,May,"20 Jersey City,N.J."
1882,May,"29 Danbury,Conn."
1882,May,"30 Waterbury,Conn."
1882,May,"31 Bridgeport,Conn."
1882,June,"1 New Haven,Conn."
1882,June,"2 Meriden,Conn."
1882,June,"3 New Britain,Conn."
1882,June,"5 Hartford,Conn."
1882,June,"6 Holyoke,Mass."
1882,June,"7 Springfield,Mass."
1882,June,"8 Willimantic,Conn."
1882,June,"9 Norwich,Conn."
1882,June,"10 New London,Conn."
1882,June,"23 Brockton,Mass."
1882,June,"24 Taunton,Mass."
1882,June,"26 New Bedford,Mass."
1882,June,"27 Newport,R.I."
1882,June,"28 Fall River,Mass."
1882,June,"29 Providence,R.I."
1882,June,"30 Woonsocket,R.I."
1882,July,"1 Worcester,Mass."
1882,July,"3 Nashua,N.H."
1882,July,"4 Concord,N.H."
1882,July,"5 Manchester,N.H."
1882,July,"6 Lawrence,Mass."
1882,July,"7 Lowell,Mass."
1882,July,"8 Haverhill,Mass."
1882,July,"10 Portland,Me."
1882,July,"11 Lewiston,Me."
1882,July,"12 Bath,Me."
1882,July,"13 Augusta,Me."
1882,July,"14 Waterville,Me."
1882,July,"15 Bangor,Me."
1882,July,"17 Saco,Me."
1882,July,"18 Dover,N.H."
1882,July,"19 Newburyport,Mass."
1882,July,"20 Salem,Mass."
1882,July,"21 Lynn,Mass."
1882,July,"22 Fitchburg,Mass."
1882,July,"24 Keene,N.H."
1882,July,"25 Brattleboro,Vt."
1882,July,"26 Greenfield,Mass."
1882,July,"27 North Adams,Mass."
1882,July,"28 Pittsfield,Mass."
1882,July,"29 Albany,N.Y."
1882,July,"31 Poughkeepsie,N.Y."
1882,August,"1 Hudson,N.Y."
1882,August,"2 Troy,N.Y."
1882,August,"3 Gloversville,N.Y."
1882,August,"4 Schenectady,N.Y."
1882,August,"5 Saratoga Springs,N.Y."
1882,August,"7 Glens Falls,N.Y."
1882,August,"8 Rutland,Vt."
1882,August,"9 Burlington,Vt."
1882,August,"10 Montpelier,Vt."
1882,August,"11 White River Junction,Vt."
1882,August,"12 St.Johnsbury,Vt."
1882,August,"14 St.Albans,Vt."
1882,August,"15 Malone,N.Y."
1882,August,"16 Potsdam,N.Y."
1882,August,"17 Ogdensburg,N.Y."
1882,August,"18 Watertown,N.Y."
1882,August,"19 Oswego,N.Y."
1882,August,"21 Rome,N.Y."
1882,August,"22 Little Falls,N.Y."
1882,August,"23 Utica,N.Y."
1882,August,"24 Norwich,N.Y."
1882,August,"25 Binghamton,N.Y."
1882,August,"26 Cortland,N.Y."
1882,August,"28 Syracuse,N.Y."
1882,August,"29 Auburn,N.Y."
1882,August,"30 Geneva,N.Y."
1882,August,"31 Ithaca,N.Y."
1882,September,"1 Elmira,N.Y."
1882,September,"2 Watkins,N.Y."
1882,September,"4 Penn Yan,N.Y."
1882,September,"5 Canandaigua,N.Y."
1882,September,"6 Rochester,N.Y."
1882,September,"7 Albion,N.Y."
1882,September,"8 Lockport,N.Y."
1882,September,"9 Suspension Bridge,N.Y."
1882,September,"11 Buffalo,N.Y."
1882,September,"12 Batavia,N.Y."
1882,September,"13 Dansville,N.Y."
1882,September,"14 Bath,N.Y."
1882,September,"15 Hornellsville,N.Y."
1882,September,"16 Olean,N.Y."
1882,September,"18 Bradford,Pa."
1882,September,"19 Dunkirk,N.Y."
1882,September,"20 Erie,Pa."
1882,September,"21 Ashtabula,O."
1882,September,"22 Cleveland,O."
1882,September,"23 Warren,O."
1882,September,"25 Meadville,Pa."
1882,September,"26 Jamestown,N.Y."
1882,September,"27 Corry,Pa."
1882,September,"28 Warren,Pa."
1882,September,"29 Oil City,Pa."
1882,September,"30 Titusville,Pa."
1882,October,"4 Johnstown,Pa."
1882,October,"5 Altoona,Pa."
1882,October,"6 Huntingdon,Pa."
1882,October,"7 Lock Haven,Pa."
1882,October,"9 Williamsport,Pa."
1882,October,"10 Sunbury,Pa."
1882,October,"11 Harrisburg,Pa."
1882,October,"12 Lancaster,Pa."
1882,October,"13 Wilmington,Del."
1882,October,"14 Chester,Pa."
1882,October,"End of season,winter quarters Bridgeport,Conn."
1883,May,"11 Martinsburg,W.Va."
1883,May,"12 Cumberland,Md."
1883,May,"14 Wheeling,W.Va."
1883,May,"15 Zanesville,O."
1883,May,"16 Newark,O."
1883,May,"17 Columbus,O."
1883,May,"18 Springfield,O."
1883,May,"19 Dayton,O."
1883,May,"24 Hamilton,O."
1883,May,"25 Richmond,Ind."
1883,May,"26 Indianapolis,Ind."
1883,June,"15 LaPorte,Ind."
1883,June,"16 South Bend,Ind."
1883,June,"18 Three Rivers,Mich."
1883,June,"19 Coldwater,Mich."
1883,June,"20 Adrian,Mich."
1883,June,"21 Jackson,Mich."
1883,June,"22 Battle Creek,Mich."
1883,June,"23 Kalamazoo,Mich."
1883,June,"25 Grand Rapids,Mich."
1883,June,"26 Big Rapids,Mich"
1883,June,"27 Muskegon,Mich."
1883,June,"28 Ionia,Mich."
1883,June,"29 Lansing,Mich."
1883,June,"30 Ann Arbor,Mich."
1883,July,"2 Detroit,Mich."
1883,July,"3 Pontiac,Mich."
1883,July,"4 Flint,Mich."
1883,July,"5 Bay City,Mich."
1883,July,"6 East Saginaw,Mich."
1883,July,"7 Port Huron,Mich."
1883,July,"9 Stratford,Ont."
1883,July,"10 Guelph,Ont."
1883,July,"11 Toronto,Ont."
1883,July,"12 Oshawa,Ont."
1883,July,"13 Port Hope,Ont."
1883,July,"14 Belleville,Ont."
1883,July,"18 Cornwall,Ont."
1883,July,"19 Ottawa,Ont."
1883,July,"20 Brockville,Ont."
1883,July,"21 Kingston,Ont."
1883,July,"23 Hamilton,Ont."
1883,July,"24 Brantford,Ont."
1883,July,"25 Woodstock,Ont."
1883,July,"26 St.Thomas,Ont."
1883,July,"27 London,Ont."
1883,July,"28 Chatham,Ont."
1883,July,"30 Toledo,O."
1883,July,"31 Defiance,O."
1883,August,"1 Tiffin,O."
1883,August,"2 Mansfield,O."
1883,August,"3 Lancaster,O."
1883,August,"4 Washington,O."
1883,August,"6 Chillicothe,O."
1883,August,"7 Ironton,O."
1883,August,"8 Portsmouth,O."
1883,August,"9 Gallipolis,O."
1883,August,"10 Parkersburg,W.Va."
1883,August,"11 Marietta,O."
1883,August,"15 Youngstown,O."
1883,August,"16 Steubenville,O."
1883,August,"17 Canton,O."
1883,August,"18 Akron,O."
1883,August,"20 Cleveland,O."
1883,August,"21 Norwalk,O."
1883,August,"22 Fremont,O."
1883,August,"23 Lima,O."
1883,August,"24 Piqua,O."
1883,August,"25 Muncie,Ind."
1883,August,"31 Covington,Ky."
1883,September,"1 Lexington,Ky."
1883,September,5 Columbus.Ind.
1883,September,"6 Lafayette,Ind."
1883,September,"7 Logansport,Ind."
1883,September,"8 Ft.Wayne,Ind."
1883,September,"10 Evansville,Ind."
1883,September,"11 Vincennes,Ind."
1883,September,"12 Terre Haute,Ind."
1883,September,"13 Danville,Ill."
1883,September,"14 Decatur,Ill."
1883,September,"15 Jacksonville,Ill."
1883,September,"17 Springfield,Ill."
1883,September,"18 Bloomington,Ill."
1883,September,"19 Peoria,Ill."
1883,September,"20 Ottawa,Ill."
1883,September,"21 Joliet,Ill."
1883,September,"22 Aurora,Ill."
1883,September,"24 Rockford,Ill."
1883,September,"25 Janesville,Wis."
1883,September,"26 Madison,Wis."
1883,September,"27 Watertown,Wis"
1883,September,"28 Milwaukee,Wis."
1883,September,"29 Fond du Lac,Wis."
1883,October,"1 Oshkosh,Wis."
1883,October,"2 Stevens Point,Wis."
1883,October,"3 Eau Claire,Wis."
1883,October,"4 Stillwater,Minn."
1883,October,"5 St.Paul,Minn."
1883,October,"6 Minneapolis,Minn."
1883,October,"8 Dubuque,Ia."
1883,October,"9 Waterloo,Ia."
1883,October,"10 Cedar Rapids,Ia."
1883,October,"11 Rock island,Ill."
1883,October,"12 Galesburg,Ill."
1883,October,"13 Burlington,Ia."
1883,October,"15 Des Moines,Ia."
1883,October,"16 Ottumwa,Ia."
1883,October,"17 Keokuk,Ia."
1883,October,"18 Quincy,Ill."
1883,October,"19 Louisiana,Mo."
1883,October,"20 Hannibal,Mo."
1883,October,"End of season,winter quarters Bridgeport,Conn."
1884,May,"10 Williamsport,Pa."
1884,May,"12 Scranton,Pa."
1884,May,"14 Reading,Pa."
1884,May,"15 Easton,Pa."
1884,May,"16 Trenton,N.J."
1884,May,"17 Jersey City,N.J."
1884,May,"26 Newark,N.J."
1884,May,"27 Paterson,N.J."
1884,May,"28 Newburgh,N.Y."
1884,May,"29 Kingston,N.Y."
1884,May,"30 Albany,N.Y."
1884,May,"31 Pittsfield,Mass."
1884,June,"2 Danbury,Conn."
1884,June,"3 Bridgeport,Conn."
1884,June,"4 Waterbury,Conn."
1884,June,"5 New Haven,Conn."
1884,June,"6 Hartford,Conn."
1884,June,"7 Northampton,Mass."
1884,June,"9 Springfield,Mass,"
1884,June,"10 Worcester,Mass."
1884,June,"11 Providence,R.I."
1884,June,"12 Fall River,Mass."
1884,June,"13 New Bedford,Mass."
1884,June,"14 Brockton,Mass."
1884,June,"30 Lynn,Mass."
1884,July,"1 Salem,Mass."
1884,July,"2 Dover,N.H."
1884,July,"3 Saco,Me."
1884,July,"4 Portland,Me."
1884,July,"5 Lewiston,Me."
1884,July,"7 Haverhill,Mass."
1884,July,"8 Lawrence,Mass."
1884,July,"9 Manchester,N.H."
1884,July,"10 Concord,N.H."
1884,July,"11 Lowell,Mass."
1884,July,"12 Fitchburg,Mass."
1884,July,"14 Saratoga Springs,N.Y."
1884,July,"15 Troy,N.Y."
1884,July,"16 Amsterdam,N.Y."
1884,July,"17 Utica,N.Y."
1884,July,"18 Rome,N.Y."
1884,July,"19 Watertown,N.Y."
1884,July,"21 Oswego,N.Y."
1884,July,"22 Syracuse,N.Y."
1884,July,"23 Cortland,N.Y."
1884,July,"24 Binghamton,N.Y."
1884,July,"25 Elmira,N.Y."
1884,July,"26 Ithaca,N.Y."
1884,July,"28 Lyons,N.Y."
1884,July,"29 Auburn,N.Y."
1884,July,"30 Canandaigua,N.Y."
1884,July,"31 Rochester,N.Y."
1884,August,"1 Lockport,N.Y."
1884,August,"2 Buffalo,N.Y."
1884,August,"4 Batavia,N.Y."
1884,August,"5 Hornellsville,N.Y."
1884,August,"6 Olean,N.Y."
1884,August,"7 Bradford,Pa."
1884,August,"8 Jamestown,N.Y."
1884,August,"9 Erie,Pa."
1884,August,"13 New Castle,Pa."
1884,August,"14 Meadville,Pa."
1884,August,"15 Warren,O."
1884,August,"16 Cleveland,O."
1884,August,"18 Sandusky,O."
1884,August,"19 Toledo,O."
1884,August,"20 Detroit,Mich."
1884,August,"21 Port Huron,Mich."
1884,August,"22 East Saginaw,Mich."
1884,August,"23 Bay City,Mich."
1884,August,"25 Muskegon,Mich."
1884,August,"26 Grand Rapids,Mich."
1884,August,"27 Lansing,Mich."
1884,August,"28 Jackson,Mich."
1884,August,"29 Kalamazoo,Mich."
1884,August,"30 Elkhart,Ind."
1884,September,"8 Joliet,Ill."
1884,September,"9 Streator,Ill."
1884,September,"10 Peoria,Ill."
1884,September,"11 Bloomington,Ill."
1884,September,"12 Lincoln,Ill."
1884,September,"13 Springfield,Ill."
1884,September,"22 Moberly,Mo."
1884,September,"23 Chillicothe,Mo."
1884,September,"24 Maryville,Mo."
1884,September,"25 Council Bluffs,Ia."
1884,September,"26 Omaha,Neb."
1884,September,"27 Lincoln,Neb."
1884,September,"29 St.Joseph,Mo."
1884,September,"30 Atchison,Kan."
1884,October,"1 Leavenworth,Kan."
1884,October,"2 Topeka,Kan."
1884,October,"3 Kansas City,Mo."
1884,October,"4 Sedalia,Mo."
1884,October,"6 Mattoon,Ill."
1884,October,"7 Terre Haute,Ind."
1884,October,"8 Lafayette,Ind."
1884,October,"9 Logansport,Ind."
1884,October,"10 Anderson,Ind."
1884,October,"11 Indianapolis,Ind."
1884,October,"13 Shelbyville,Ind."
1884,October,"14 New Albany,Ind."
1884,October,"15 Louisville,Ky."
1884,October,"16 Frankfort,Ky."
1884,October,"17 Lexington,Ky."
1884,October,"18 Maysville,Ky."
1884,October,"20 Xenia,O."
1884,October,"21 Delaware,O."
1884,October,"22 Galion,O."
1884,October,"23 Wooster,O."
1884,October,"24 Canton,O."
1884,October,"25 Akron,O."
1884,October,"End of season,winter quarters Bridgeport,Conn."
1885,May,"4 Norristown,Pa."
1885,May,"5 Reading,Pa."
1885,May,"6 Lancaster,Pa~"
1885,May,"7 Harrisburg,Pa."
1885,May,"8 Lebanon,Pa."
1885,May,"9 Ashland,Pa."
1885,May,"11 Williamsport,Pa."
1885,May,"12 Danville,Pa."
1885,May,"13 Scranton,Pa."
1885,May,"15 Allentown,Pa."
1885,May,"16 Easton,Pa."
1885,May,"18 Bridgeton,N.J."
1885,May,"19 Camden,,N.J."
1885,May,"20 Trenton,N.J."
1885,May,"21 Newark,N.J."
1885,May,"22 Paterson,N.J."
1885,May,"23 Middletown,N.Y."
1885,May,"25 Danbury,Conn."
1885,May,"26 Waterbury,Conn."
1885,May,"27 Bridgeport,Conn."
1885,May,"28 New Haven,Conn."
1885,May,"29 Hartford,Conn."
1885,May,"30 Holyoke,Mass."
1885,June,"1 Springfield,Mass."
1885,June,"2 Worcester,Mass."
1885,June,"3 Norwich,Conn."
1885,June,"4 Providence,R.I."
1885,June,"5 Woonsocket,R.I."
1885,June,"6 Marlboro,Mass."
1885,June,"15 Brockton,Mass."
1885,June,"16 New Bedford,Mass."
1885,June,"17 Fall River,Mass."
1885,June,"18 Newport,R.I."
1885,June,"19 Taunton,Mass."
1885,June,"20 Fitchburg,Mass."
1885,June,"22 Lowell,Mass."
1885,June,"23 Salem,Mass."
1885,June,"24 Lynn,Mass."
1885,June,"25 Gloucester,Mass."
1885,June,"26 Lawrence,Mass."
1885,June,"27 Haverhill,Mass."
1885,June,"29 Rockland,Me."
1885,June,"30 Bath,Me."
1885,July,"1 Augusta,Me."
1885,July,"2 Belfast,Me."
1885,July,"3 Bangor,Me."
1885,July,"4 Ellsworth,Me."
1885,July,"8 Fredericton,N.B."
1885,July,"9 Calais,Me."
1885,July,"10 Woodstock,N.B."
1885,July,"11 Houlton,Me."
1885,July,"13 Waterville,Me."
1885,July,"14 Lewiston,Me."
1885,July,"15 Portland,Me."
1885,July,"16 Portsmouth,N.H."
1885,July,"17 Manchester,N.H."
1885,July,"18 Nashua,N.H."
1885,July,"20 Keene,N.H."
1885,July,"21 Brattleboro,Vt."
1885,July,"22 Rutland,Vt."
1885,July,"23 Burlington,Vt."
1885,July,"24 Montpelier,Vt."
1885,July,"25 St.Johnsbury,Vt."
1885,July,"27 St.Albans,Vt."
1885,July,"28 Whitehall,N.Y."
1885,July,"29 Bennington,Vt."
1885,July,"30 Pittsfield,Mass."
1885,July,"31 Hudson,N.Y."
1885,August,"1 Poughkeepsie,N.Y."
1885,August,"3 Albany,N.Y."
1885,August,"4 Troy,N.Y."
1885,August,"5 Saratoga Springs,N.Y."
1885,August,"6 Glens Falls,N.Y."
1885,August,"7 Schenectady,N.Y."
1885,August,"8 Gloversville,N.Y."
1885,August,"10 Utica,N.Y."
1885,August,"ll Binghamton,N.Y."
1885,August,"12 Towanda,Pa."
1885,August,"13 Corning,N.Y."
1885,August,"14 Olean,N.Y."
1885,August,"15 Bradford,Pa."
1885,August,"17 Hornellsville,N.Y."
1885,August,"18 Elmira,N.Y."
1885,August,"19 Penn Yan,N.Y."
1885,August,"20 Rochester,N.Y."
1885,August,"21 Auburn,N.Y."
1885,August,"22 Syracuse,N.Y."
1885,August,"24 Oswego,N.Y."
1885,August,"25 Watertown,N.Y."
1885,August,"26 Ogdensburg,N.Y."
1885,August,"27 Potsdam,N.Y."
1885,August,"28 Malone,N.Y."
1885,August,"29 Plattsburg,N.Y."
1885,September,"2 Three Rivers,Que."
1885,September,"7 Kingston,Ont."
1885,September,"8 Belleville,Ont."
1885,September,"9 Cobourg,Ont."
1885,September,"10 Toronto,Ont."
1885,September,"11 Guelph,Ont."
1885,September,"12 Brantford,Ont."
1885,September,"14 Chatham,Ont."
1885,September,"15 St.Thomas,Ont."
1885,September,"16 London,Ont."
1885,September,"17 Woodstock,Ont."
1885,September,"18 Hamilton,Ont."
1885,September,"19 Buffalo,N.Y."
1885,September,"21 Corry,Pa."
1885,September,"22 Titusville,Pa."
1885,September,"23 Oil City,Pa."
1885,September,"24 Sharon,Pa."
1885,September,"25 Beaver Falls,Pa."
1885,September,"26 Butler,Pa."
1885,September,"30 Wheeling,W.Va."
1885,October,"1 Washington,Pa."
1885,October,"2 McKeesport,Pa."
1885,October,"3 Connellsville,Pa."
1885,October,"5 Indiana,Pa."
1885,October,"6 Altoona,Pa."
1885,October,"7 Phillipsburg,Pa."
1885,October,"8 Huntingdon,Pa."
1885,October,"9 Lewistown,Pa."
1885,October,"10 Columbia,Pa."
1885,October,"12 Wilmington,Del."
1885,October,"13 Dover,Del."
1885,October,"14 Chester,Pa."
1885,October,"15 Mt.Holly,N.J."
1885,October,"16 Elizabeth,N.J."
1885,October,"17 Jersey City,N.J."
1885,October,"19 Morristown,N.J."
1885,October,"20 Newton,N.J."
1885,October,"21 Honesdale,Pa."
1885,October,"22 Port Jervis,N.Y."
1885,October,"23 Kingston,N.Y."
1885,October,"24 Newburgh,N.Y."
1885,October,"End of season,<BR>winter quarters Bridgeport,Conn."
1886,May,"3 Carlisle,Pa."
1886,May,"4 Chambersburg,Pa."
1886,May,"5 Hagerstown,Md."
1886,May,"6 Frederick,Md."
1886,May,"12 Fredericksburg,Va."
1886,May,"13 Richmond,Va."
1886,May,"14 Charlottesville,Va."
1886,May,"15 Staunton,Va."
1886,May,"17 Charleston,W.Va."
1886,May,"18 Ashland,Ky."
1886,May,"19 Mt.Sterling,Ky."
1886,May,"20 Lexington,Ky."
1886,May,"21 Maysville,Ky."
1886,May,"22 Frankfort,Ky."
1886,May,"24 Covington,Ky."
1886,May,"29 Columbus,Ind."
1886,May,"29 Louisville,Ky."
1886,May,"31 Elizabethtown,Ky."
1886,June,"1 Bowling Green,Ky."
1886,June,"2 Nashville,Tenn."
1886,June,"3 Hopkinsville,Ky."
1886,June,"4 Madisonville,Ky."
1886,June,"5 Evansville,Ind."
1886,June,"7 Vincennes,Ind."
1886,June,"8 Terre Haute,Ind."
1886,June,"9 Greencastle,Ind."
1886,June,"10 Indianapolis,Ind."
1886,June,"ll Richmond,Ind."
1886,June,"12 Dayton,O."
1886,June,"14 Columbus,O."
1886,June,"15 Chillicothe,O."
1886,June,"16 Marietta,O."
1886,June,"17 Lancaster,O."
1886,June,"18 Zanesville,O."
1886,June,"19 Steubenville,O."
1886,June,"21 Canton,O."
1886,June,"22 Akron,O."
1886,June,"23 Cleveland,O."
1886,June,"24 Ashtabula,O."
1886,June,"25 Youngstown,O."
1886,June,"26 Wooster,O."
1886,June,"28 Mansfield,O."
1886,June,"29 Upper Sandusky,O."
1886,June,"30 Lima,O."
1886,July,"1 Ft.Wayne,Ind."
1886,July,"2 Defiance,O."
1886,July,"3 Toledo,O."
1886,July,"5 Detroit,Mich."
1886,July,"6 Lansing,Mich."
1886,July,"7 Ionia,Mich."
1886,July,"8 East Saginaw,Mich."
1886,July,"9 Flint,Mich."
1886,July,"10 Bay City,Mich."
1886,July,"12 Battle Creek,Mich"
1886,July,"13 Jackson,Mich."
1886,July,"14 Grand Rapids,Mich."
1886,July,"15 Kalamazoo,Mich."
1886,July,"16 Coldwater,Mich."
1886,July,"17 South Bend,Ind."
1886,July,"26 Kokomo,Ind."
1886,July,"27 Logansport,Ind."
1886,July,"28 Lafayette,Ind."
1886,July,"29 Danville,Ill."
1886,July,"30 Champaign,Ill."
1886,July,"31 Bloomington,Ill."
1886,August,"2 Peoria,Ill."
1886,August,"3 Decatur,Ill."
1886,August,"4 Springfield,Ill."
1886,August,"5 Jacksonville,Ill."
1886,August,"6 Hannibal,Mo."
1886,August,"7 Quincy,Ill."
1886,August,"9 Keokuk,Ia."
1886,August,"10 Burlington,Ia."
1886,August,"11 Galesburg,Ill."
1886,August,"12 Rock Island,Ill."
1886,August,"13 Clinton,Ia."
1886,August,"14 Mendota,Ill."
1886,August,"16 Aurora,Ill."
1886,August,"17 Rockford,Ill."
1886,August,"18 Freeport,Ill."
1886,August,"19 Janesville,Wis."
1886,August,"20 Madison,Wis."
1886,August,"21 Watertown,Wis."
1886,August,"23 Milwaukee,Wis."
1886,August,"24 Sheboygan,Wis."
1886,August,"25 Green Bay,Wis."
1886,August,"26 Oshkosh,Wis."
1886,August,"27 Fond du Lac,Wis."
1886,August,"28 Stevens Point,Wis."
1886,August,"30 Eau Claire,Wis."
1886,August,"31 New Richmond,Wis."
1886,September,"1 St.Paul,Minn."
1886,September,"2 Minneapolis,Minn."
1886,September,"3 Red Wing,Minn."
1886,September,"4 Winona,Minn."
1886,September,"6 LaCrosse,Wis."
1886,September,"7 Austin,Minn."
1886,September,"8 Decorah,Ia."
1886,September,"9 Prairie du Chien,Wis."
1886,September,"10 Dubuque,Ia."
1886,September,"11 Independence,Ia."
1886,September,"13 Cedar Rapids,Ia."
1886,September,"14 Marshalltown,Ia."
1886,September,"15 Des Moines,Ia."
1886,September,"16 Atlantic,Ia."
1886,September,"17 Council Bluffs,Ia."
1886,September,"18 Omaha,Neb."
1886,September,"20 Maryville,Mo."
1886,September,"21 Chillicothe,Mo."
1886,September,"22 St.Joseph,Mo."
1886,September,"23 Atchison,Kan."
1886,September,"24 Leavenworth,Kan."
1886,September,"25 Kansas City,Mo."
1886,September,"27 Topeka,Kan."
1886,September,"28 Junction City,Kan."
1886,September,"29 Emporia,Kan."
1886,September,"30 Parsons,Kan."
1886,October,"1 Ft.Scott,Kan."
1886,October,"2 Springfield,Mo."
1886,October,"4 Memphis,Tenn."
1886,October,"5 Humboldt,Tenn."
1886,October,"6 Nashville,Tenn."
1886,October,"7 Murfreesboro,Tenn."
1886,October,"8 Chattanooga,Tenn."
1886,October,"9 Knoxville,Tenn."
1886,October,"11 Rome,Ga."
1886,October,"12 Atlanta,Ga."
1886,October,"13 Macon,Ga."
1886,October,"14 Augusta,Ga."
1886,October,"15 Savannah,Ga."
1886,October,"16 Charleston,S.C."
1886,October,"18 Columbia,S.C."
1886,October,"19 Florence,S.C."
1886,October,"20 Wilmington,N.C."
1886,October,"21 Raleigh,N.C."
1886,October,"22 Danville,Va."
1886,October,"23 Lynchburg,Va."
1886,October,"End of season,<BR>winterquarters Bridgeport,Conn."
1887,May,"2 Jersey City,N.J."
1887,May,"3 Newark,N.J."
1887,May,"4 Elizabeth,N.J."
1887,May,"5 New B'wick.,N.J."
1887,May,"6 Bridgeton,N.J."
1887,May,"7 Salem,N.J."
1887,May,"9 Camden,N.J."
1887,May,"10 Trenton,N.J."
1887,May,"11 West Chester,Pa."
1887,May,"12 Dover,Del."
1887,May,"13 Wilmington,Del."
1887,May,"14 Lancaster,Pa."
1887,May,"16 York,Pa."
1887,May,"17 Harrisburg,Pa."
1887,May,"18 Williamsport,Pa."
1887,May,"19 Sunbury,Pa."
1887,May,"20 Scranton,Pa."
1887,May,"21 Wilkes Barre,Pa."
1887,May,"23 Shenandoah,Pa."
1887,May,"24 Pottsville,Pa."
1887,May,"25 Reading,Pa."
1887,May,"26 Allentown,Pa."
1887,May,"27 Easton,Pa."
1887,May,"28 Morristown,N.J."
1887,May,"30 Paterson,N.J."
1887,May,"31 Newburgh,N.Y."
1887,June,"1 Kingston,N.Y."
1887,June,"2 Albany,N.Y."
1887,June,"3 Poughkeepsie,N.Y."
1887,June,"4 Hudson,N.Y."
1887,June,"6 Pittsfield,Mass."
1887,June,"7 Danbury,Conn."
1887,June,"8 Bridgeport,Conn."
1887,June,"9 Waterbury,Conn."
1887,June,"10 Hartford,Conn."
1887,June,"11 New Haven,Conn."
1887,June,"13 Middletown,Conn."
1887,June,"14 Willimantic,Conn."
1887,June,"15 Norwich,Conn."
1887,June,"16 Providence,R.I."
1887,June,"17 Fall River,Mass."
1887,June,"18 Newport,R.I."
1887,June,"27 Brockton,Mass."
1887,June,"28 New Bedford,Mass."
1887,June,"29 Taunton,Mass."
1887,June,"30 Woonsocket,R.I"
1887,July,"1 Worcester,Mass."
1887,July,"2 Springfield,Mass."
1887,July,"4 Holyoke,Mass."
1887,July,"5 Greenfield,Mass."
1887,July,"6 Brattleboro,Vt."
1887,July,"7 Keene,N.H."
1887,July,"8 Fitchburg,Mass."
1887,July,"9 Marlboro,Mass."
1887,July,"11 Lowell,Mass."
1887,July,"12 Haverhill,Mass."
1887,July,"13 Lawrence,Mass."
1887,July,"14 Lynn,Mass."
1887,July,"15 Salem,Mass."
1887,July,"16 Gloucester,Mass."
1887,July,"18 Newburyport,Mass."
1887,July,"19 Biddeford,Me."
1887,July,"20 Lewiston,Me."
1887,July,"21 Portland,Me."
1887,July,"22 Dover,N.H."
1887,July,"23 Nashua,N.H."
1887,July,"25 Manchester,N.H."
1887,July,"26 Concord,N.H."
1887,July,"27 Plymouth,N.H."
1887,July,"28 St.Johnsbury,Vt."
1887,July,"29 White River Junction,Vt."
1887,July,"30 Montpelier,Vt."
1887,August,"1 St.Albans,Vt."
1887,August,"2 Burlington,Vt."
1887,August,"3 Rutland,Vt."
1887,August,"4 Bennington,Vt."
1887,August,"5 North Adams,Mass."
1887,August,"6 Troy,N.Y."
1887,August,"8 Saratoga Springs,N.Y."
1887,August,"9 Oneonta,N.Y."
1887,August,"10 Binghamton,N.Y."
1887,August,"11 Towanda,Pa."
1887,August,"12 Elmira,N.Y."
1887,August,"13 Ithaca,N.Y."
1887,August,"15 Cortland,N.Y."
1887,August,"16 Norwich,N.Y."
1887,August,"17 Utica,N.Y."
1887,August,"18 Auburn,N.Y."
1887,August,"19 Canandaigua,N.Y."
1887,August,"20 Rochester,N.Y."
1887,August,"22 Syracuse,N.Y."
1887,August,"23 Oswego,N.Y."
1887,August,"24 Watertown,N.Y."
1887,August,"25 Ogdensburg,N.Y."
1887,August,"26 Malone,N.Y."
1887,August,"27 Plattsburg,N.Y."
1887,August,"29 Quebec,Que."
1887,August,"30 Three Rivers,Que."
1887,August,"31 Montreal,Que."
1887,September,"1 Montreal,Que."
1887,September,"2 Ottawa,Ont."
1887,September,"3 Brockville,Ont."
1887,September,"5 Kingston,Ont."
1887,September,"6 Belleville,Ont."
1887,September,"7 Lindsay,Ont."
1887,September,"10 Guelph,Ont."
1887,September,"12 Stratford,Ont."
1887,September,"13 Sarnia,Ont."
1887,September,"14 London,Ont."
1887,September,"15 Chatham,Ont."
1887,September,"16 St.Thomas,Ont."
1887,September,"17 Brantford,Ont."
1887,September,"19 Hamilton,Ont."
1887,September,"20 Suspension Bridge,N.Y."
1887,September,"21 Batavia,N.Y."
1887,September,"22 Buffalo,N.Y."
1887,September,"23 Dunkirk,N.Y."
1887,September,"24 Erie,Pa."
1887,September,"26 Meadville,Pa."
1887,September,"27 Oil City,Pa."
1887,September,"28 Warren,Pa."
1887,September,"29 Bradford,Pa."
1887,September,"30 DuBois,Pa."
1887,October,"1 Kittanning,Pa."
1887,October,"5 Butler,Pa."
1887,October,"6 Greensburg,Pa."
1887,October,"7 McKeesport,Pa."
1887,October,"8 Uniontown,Pa."
1887,October,"10 Somerset,Pa."
1887,October,"11 Bedford,Pa."
1887,October,"12 Huntingdon,Pa."
1887,October,"13 Altoona,Pa."
1887,October,"14 Bellefonte,Pa."
1887,October,"15 Lock Haven,Pa."
1887,October,"17 Shamokin,Pa."
1887,October,"18 Tamaqua,Pa."
1887,October,"19 Pottstown,Pa."
1887,October,"20 Norristown,Pa."
1887,October,"21 Plainfield,N.J."
1887,October,"22 Hoboken,N.J."
1887,October,"End of season,winter quarters Bridgeport,Conn."
1888,May,"4 Frederick,Md."
1888,May,"5 Hagerstown,Md."
1888,May,"7 Wheeling,W.Va."
1888,May,"8 Parkersburg,W.Va."
1888,May,"9 Portsmouth,O."
1888,May,"10 Chillicothe,O."
1888,May,"11 Columbus,O."
1888,May,"12 Springfield,O."
1888,May,"16 Dayton,O."
1888,May,"17 Muncie,Ind."
1888,May,"18 Indianapolis,Ind."
1888,May,"19 Louisville,Ky."
1888,May,"21 Evansville,Ind."
1888,May,"22 Terre Haute,Ind."
1888,May,"23 Danville,Ill."
1888,May,"24 Decatur,Ill."
1888,May,"25 Bloomington,Ill."
1888,May,"26 Springfield,Ill."
1888,June,"4 Keokuk,Ia."
1888,June,"5 Galesburg,Ill."
1888,June,"6 Peoria,Ill."
1888,June,"7 Rock Island,Ill."
1888,June,"8 Streator,Ill."
1888,June,"9 Aurora,Ill."
1888,June,"18 Lafayette,Ind."
1888,June,"19 Logansport,Ind."
1888,June,"20 Ft.Wayne,Ind."
1888,June,"21 Lima,O."
1888,June,"22 Mansfield,O."
1888,June,"23 Canton,O."
1888,June,"25 Cleveland,O."
1888,June,"26 Youngstown,O."
1888,June,"27 Akron,O."
1888,June,28 Norwalk.O.
1888,June,"29 Fremont,O."
1888,June,"30 Toledo,O."
1888,July,"2 Detroit,Mich."
1888,July,"3 Pontiac,Mich."
1888,July,"4 Port Huron,Mich."
1888,July,"5 Flint,Mich."
1888,July,"6 Bay City,Mich."
1888,July,"7 East Saginaw,Mich."
1888,July,"9 Manistee,Mich."
1888,July,"10 Big Rapids,Mich."
1888,July,"ll Muskegon,Mich."
1888,July,"12 Grand Rapids,Mich."
1888,July,"13 Ionia,Mich."
1888,July,"14 Lansing,Mich."
1888,July,"16 Jackson,Mich."
1888,July,"17 Adrian,Mich."
1888,July,"18 Ypsilanti,Mich."
1888,July,"19 Battle Creek,Mich."
1888,July,"20 Kalamazoo,Mich."
1888,July,"21 South Bend,Ind."
1888,July,"23 Joliet,Ill."
1888,July,"24 LaSalle,Ill."
1888,July,"25 Sterling,Ill."
1888,July,"26 Clinton,Ia."
1888,July,"27 Dubuque,Ia."
1888,July,"28 Freeport,Ill."
1888,July,"30 Elgin,Ill."
1888,July,"31 Rockford,Ill."
1888,August,"1 Madison,Wis."
1888,August,"2 Janesville,Wis."
1888,August,"3 Racine,Wis."
1888,August,"4 Milwaukee,Wis."
1888,August,"6 Wausau,Wis."
1888,August,"7 Appleton,Wis."
1888,August,"8 Menominee,Mich."
1888,August,"9 Escanaba,Mich."
1888,August,"10 Ishpeming,Mich."
1888,August,"11 Iron Mountain,Mich."
1888,August,"13 Hurley,Wis."
1888,August,"14 Ashland,Wis."
1888,August,"15 Duluth,Minn."
1888,August,"16 Brainerd,Minn."
1888,August,"17 Fergus Falls,Minn."
1888,August,"18 Fargo,D.T."
1888,August,"20 Minneapolis,Minn."
1888,August,"21 St.Paul,Minn."
1888,August,"22 Mankato,Minn."
1888,August,"23 Rochester,Minn."
1888,August,"24 LaCrosse,Wis."
1888,August,"25 Portage,Wis."
1888,August,"27 Eau Claire,Wis."
1888,August,"28 Winona,Minn."
1888,August,"29 Faribault,Minn."
1888,August,"30 Mason City,Ia."
1888,August,"31 Marshalltown,Ia."
1888,September,"1 Des Moines,Ia."
1888,September,"3 Sioux Falls,D.T."
1888,September,"4 Sioux City,Ia."
1888,September,"5 Omaha,Neb."
1888,September,"6 Lincoln,Neb."
1888,September,"7 Hastings,Neb."
1888,September,"8 Marysville,Kan."
1888,September,"10 St.Joseph,Mo."
1888,September,"11 Atchison,Kan."
1888,September,"12 Leavenworth,Kan."
1888,September,"13 Kansas City,Mo."
1888,September,"14 Topeka,Kan."
1888,September,"15 Abilene,Kan."
1888,September,"17 Hutchinson,Kan."
1888,September,"18 Winfield,Kan."
1888,September,"19 Wichita,Kan."
1888,September,"20 Emporia,Kan."
1888,September,"21 Ottawa,Kan."
1888,September,"22 Harrisonville,Mo."
1888,September,"24 Joplin,Mo."
1888,September,"25 Springfield,Mo."
1888,September,"26 Fayetteville,Ark."
1888,September,"27 Ft.Smith,Ark."
1888,September,"28 Russellville,Ark."
1888,September,"29 Little Rock,Ark."
1888,October,"1 Pine Bluff,Ark."
1888,October,"2 Camden,Ark."
1888,October,"3 Texarkana,Ark."
1888,October,"4 Paris,Tex."
1888,October,"5 Sherman,Tex."
1888,October,"6 Gainesville,Tex."
1888,October,"8 Greenville,Tex."
1888,October,"9 Dallas,Tex."
1888,October,"10 Ft.Worth,Tex."
1888,October,"11 Waco,Tex."
1888,October,"12 Austin,Tex."
1888,October,"13 San Antonio,Tex."
1888,October,"15 Galveston,Tex."
1888,October,"16 Houston,Tex."
1888,October,"17 Navasota,Tex."
1888,October,"18 Corsicana,Tex."
1888,October,"19 Tyler,Tex."
1888,October,"20 Marshall,Tex."
1888,October,"22 Newport,Ark."
1888,October,"End of season,winter quarters Bridgeport.Conn."
1889,April,"29 Jersey City,N.J."
1889,April,"30 New Brunswick,N.J."
1889,May,"1 Camden,N.J."
1889,May,"2 Trenton,N.J."
1889,May,"3 Wilmington,Del."
1889,May,"4 Reading,Pa."
1889,May,"6 Lebanon,Pa."
1889,May,"7 Lancaster,Pa."
1889,May,"8 York,Pa."
1889,May,"9 Harrisburg,Pa."
1889,May,"10 Williamsport,Pa."
1889,May,"11 Bloomsburg,Pa."
1889,May,"13 Scranton,Pa."
1889,May,"15 Hazleton,Pa."
1889,May,"16 Ashland,Pa."
1889,May,"17 Allentown,Pa."
1889,May,"18 Easton,Pa."
1889,May,"20 Newark,N.J."
1889,May,"21 Orange,N.J."
1889,May,"22 Paterson,N.J."
1889,May,"23 Middletown,N.Y."
1889,May,"24 Kingston,N.Y."
1889,May,"25 Newburgh,N.Y."
1889,May,"27 Poughkeepsie,N.Y."
1889,May,"28 Troy,N.Y."
1889,May,"29 Amsterdam,N.Y."
1889,May,"30 Albany,N.Y."
1889,May,"31 Pittsfield,Mass."
1889,June,"1 North Adams,Mass."
1889,June,"3 Greenfield,Mass."
1889,June,"4 Fitchburg,Mass."
1889,June,"5 Keene,N.H."
1889,June,"6 Holyoke,Mass."
1889,June,"7 Springfield,Mass."
1889,June,"8 Meriden,Conn."
1889,June,"10 New Haven,Conn."
1889,June,"11 Bridgeport,Conn."
1889,June,"12 Danbury,Conn."
1889,June,"13 Waterbury,Conn."
1889,June,"14 Hartford,Conn."
1889,June,"15 Webster,Mass."
1889,June,"26 Fall River,Mass."
1889,June,"27 Brockton,Mass."
1889,June,"28 New Bedford,Mass."
1889,June,"29 South Framingham,Mass."
1889,July,"1 Norwich,Conn."
1889,July,"2 New London,Conn."
1889,July,"3 Palmer,Mass."
1889,July,"4 Worcester,Mass."
1889,July,"5 Lowell,Mass."
1889,July,"6 Nashua,N.H."
1889,July,"8 Concord,N.H."
1889,July,"9 Manchester,N.H."
1889,July,"10 Lawrence,Mass."
1889,July,"11 Haverhill,Mass."
1889,July,"12 Salem,Mass."
1889,July,"13 Lynn,Mass."
1889,July,"15 Newburyport,Mass."
1889,July,"16 Portsmouth,N.H."
1889,July,"17 Biddeford,Me."
1889,July,"18 Portland,Me."
1889,July,"19 Lewiston,Me."
1889,July,"20 Whitefield,N.H."
1889,July,"22 Burlington,Vt."
1889,July,"23 St.Albans,Vt."
1889,July,"24 Plattsburg,N.Y."
1889,July,"25 Rutland,Vt."
1889,July,"26 Saratoga Springs,N.Y."
1889,July,"27 Little Falls,N.Y."
1889,July,"29 Utica,N.Y."
1889,July,"30 Syracuse,N.Y."
1889,July,"31 Auburn,N.Y."
1889,August,"1 Geneva,N.Y."
1889,August,"7 Lockport,N.Y."
1889,August,"8 Olean,N.Y."
1889,August,"9 Hornellsville,N.Y."
1889,August,"10 Blossburg,Pa."
1889,August,"12 Elmira,N.Y."
1889,August,"13 Ithaca,N.Y."
1889,August,"14 Cortland,N.Y."
1889,August,"15 Binghamton,N.Y."
1889,August,"16 Norwich,N.Y."
1889,August,"17 Oneida,N.Y."
1889,August,"19 Oswego,N.Y."
1889,August,"20 Watertown,N.Y."
1889,August,"21 Ogdensburg,N.Y."
1889,August,"22 Gouverneur,N.Y."
1889,August,"26 Quebec,Que."
1889,August,"27 Three Rivers,Que."
1889,August,"28 Ottawa,Ont."
1889,August,"29 Brockville,Ont."
1889,August,"30 Kingston,Ont."
1889,August,"31 Belleville,Ont."
1889,September,"2 Toronto,Ont."
1889,September,"3 Peterborough,Ont."
1889,September,"4 Barrie,Ont."
1889,September,"5 Guelph,Ont."
1889,September,"6 Stratford,Ont."
1889,September,"7 London,Ont."
1889,September,"9 Chatham,Ont."
1889,September,"10 St.Thomas,Ont."
1889,September,"11 Woodstock,Ont."
1889,September,"12 Brantford,Ont."
1889,September,"13 Hamilton,Ont."
1889,September,"14 St.Catharines,Ont."
1889,September,"16 Jamestown,N.Y."
1889,September,"17 Erie,Pa."
1889,September,"18 Meadville,Pa."
1889,September,"19 Oil City,Pa."
1889,September,"20 New Castle,Pa."
1889,September,"21 Beaver Falls,Pa."
1889,September,"25 Washington,Pa."
1889,September,"26 McKeesport,Pa."
1889,September,"27 Connellsville,Pa."
1889,September,"28 Altoona,Pa."
1890,May,"16 Richmond,Va."
1890,May,"17 Norfolk,Va."
1890,May,"19 Lynchburg,Va."
1890,May,"20 Roanoke,Va."
1890,May,"21 Bristol,Tenn."
1890,May,"22 Knoxville,Tenn."
1890,May,"23 Chattanooga,Tenn."
1890,May,"24 Anniston,Ala,"
1890,May,"26 Birmingham,Ala."
1890,May,"27 Decatur,Ala."
1890,May,"28 Nashville,Tenn."
1890,May,"29 Bowling Green,Ky."
1890,June,"2 Owensboro,Ky."
1890,June,"3 Evansville,Ind."
1890,June,"4 Vincennes,Ind."
1890,June,"5 Terre Haute,Ind."
1890,June,"6 Danville,Ill."
1890,June,"7 Decatur,Ill."
1890,June,"16 Springfield,Ill."
1890,June,"17 Jacksonville,Ill."
1890,June,"18 Quincy,Ill."
1890,June,"19 Galesburg,Ill."
1890,June,"20 Peoria,Ill."
1890,June,"21 Bloomington,Ill."
1890,July,"7 Lafayette,Ind."
1890,July,"8 Logansport,Ind."
1890,July,"9 Anderson,Ind."
1890,July,"10 Indianapolis,Ind."
1890,July,"11 Richmond,Ind."
1890,July,"12 Piqua,O."
1890,July,"16 Hamilton,O."
1890,July,"17 Dayton,O."
1890,July,"18 Springfield,O."
1890,July,"19 Columbus,O."
1890,July,"23 Youngstown,O."
1890,July,"24 Akron,O."
1890,July,"25 Canton,O."
1890,July,"26 Steubenville,O."
1890,July,"30 Wheeling,W.Va."
1890,July,"31 Zanesville,O."
1890,August,"1 Newark,O."
1890,August,"2 Mansfield,O."
1890,August,"4 Tiffin,O."
1890,August,"5 Findlay,O."
1890,August,"6 Lima,O."
1890,August,"7 Ft.Wayne,Ind."
1890,August,"8 Bryan,O."
1890,August,"9 Adrian,Mich."
1890,August,"11 Detroit,Mich."
1890,August,"12 Toledo,O."
1890,August,"13 Flint,Mich."
1890,August,"14 East Saginaw,Mich."
1890,August,"15 Port Huron,Mich."
1890,August,"16 Bay City,Mich."
1890,August,"18 Lansing,Mich."
1890,August,"19 Jackson,Mich."
1890,August,"20 Grand Rapids,Mich."
1890,August,"21 Muskegon,Mich."
1890,August,"22 Kalamazoo,Mich."
1890,August,"23 South Bend,Ind."
1890,August,"25 Joliet,Ill."
1890,August,"26 Streator,Ill."
1890,August,"27 Aurora,Ill."
1890,August,"28 Elgin,Ill."
1890,August,"29 Rockford,Ill."
1890,August,"30 Madison,Wis."
1890,September,"3 Janesville,Wis."
1890,September,"4 Freeport,Ill."
1890,September,"5 Dubuque,Ia."
1890,September,"6 LaCrosse,Wis."
1890,September,"10 St.Paul,Minn."
1890,September,"11 Winona,Minn."
1890,September,"12 Rochester,Minn."
1890,September,"13 Owatonna,Minn."
1890,September,"15 Decorah,Ia."
1890,September,"16 Cedar Rapids,Ia."
1890,September,"17 Maquoketa,Ia."
1890,September,"18 Clinton,Ia."
1890,September,"19 Rock Island,Ill."
1890,September,"20 Muscatine,Ia."
1890,September,"22 Burlington,Ia."
1890,September,"23 Ottumwa,Ia."
1890,September,"24 Des Moines,Ia."
1890,September,"25 Ft.Dodge,Ia."
1890,September,"26 Sioux Falls,S.D."
1890,September,"27 Sioux City,Ia."
1890,September,"29 Council Bluffs,Ia."
1890,September,"30 Omaha,Neb."
1890,October,"1 Lincoln,Neb."
1890,October,"2 Falls City,Neb."
1890,October,"3 St.Joseph,Mo."
1890,October,"4 Topeka,Kan."
1890,October,"8 Ft.Scott,Kan."
1890,October,"9 Parsons,Kan."
1890,October,"10 Joplin,Mo."
1890,October,"11 Springfield,Mo."
1890,October,"13 Memphis,Tenn."
1890,October,"14 Jackson,Tenn."
1890,October,"15 Holly Springs,Miss."
1890,October,"16 Vicksburg,Miss."
1890,October,"17 Jackson,Miss."
1890,October,"20 Mobile,Ala."
1890,October,"21 Selma,Ala."
1890,October,"22 Montgomery,Ala."
1890,October,"23 Columbus,Ga."
1890,October,"24 Griffin,Ga."
1890,October,"25 Atlanta,Ga."
1890,October,"27 Macon,Ga."
1890,October,"28 Athens,Ga."
1890,October,"29 Augusta,Ga."
1890,October,"30 Savannah,Ga."
1890,October,"31 Charleston,S.C~"
1890,November,"1 Columbia,S.C."
1890,November,"3 Spartanburg,S.C."
1890,November,"4 Charlotte,N.C."
1890,November,"5 Greensboro,N.C."
1890,November,"6 Raleigh,N.C."
1890,November,"7 Winston,N.C."
1890,November,"8 Danville,Va."
1890,November,"End of season,winter quarters Bridgeport,Conn."
